reservation_status_date,Count,Percentage
2015-10-21,1461,0.01223720579613033
2015-07-06,805,0.006742608258648128
2016-11-25,790,0.006616969595443505
2015-01-01,763,0.006390820001675182
2016-01-18,625,0.005234944300192646
2015-07-02,469,0.003928302202864562
2016-12-07,450,0.003769159896138705
2015-12-18,423,0.0035430103023703827
2016-02-09,412,0.0034508752826869923
2016-04-04,382,0.003199597956277745
2017-01-24,343,0.0028729374319457243
2016-11-21,340,0.0028478096993047996
2016-03-15,329,0.0027556746796214087
2017-01-19,321,0.002688667392578943
2017-02-02,315,0.0026384119272970935
2016-09-20,303,0.0025379009967333947
2016-04-17,299,0.002504397353212162
2017-05-05,297,0.0024876455314515452
2015-09-09,290,0.002429014155289388
2016-04-27,283,0.00237038277912723
2016-06-20,279,0.002336879135605997
2016-06-26,271,0.002269871848563531
2016-09-06,271,0.002269871848563531
2016-10-21,265,0.0022196163832816818
2017-04-21,263,0.0022028645615210654
2015-10-19,262,0.002194488650640757
2016-03-14,261,0.002186112739760449
2016-02-01,258,0.0021609850071195244
2016-02-14,257,0.002152609096239216
2016-06-02,257,0.002152609096239216
2015-11-17,256,0.0021442331853589076
2015-12-08,254,0.0021274813635982913
2016-03-18,254,0.0021274813635982913
2017-01-31,253,0.002119105452717983
2016-09-15,251,0.0021023536309573666
2016-12-13,249,0.0020856018091967503
2017-01-20,249,0.0020856018091967503
2016-05-29,245,0.002052098165675517
2016-12-12,243,0.002035346343914901
2015-10-12,242,0.0020269704330345925
2016-10-10,242,0.0020269704330345925
2016-01-19,233,0.0019515872351118183
2017-02-24,231,0.001934835413351202
2016-01-06,231,0.001934835413351202
2016-10-07,230,0.0019264595024708936
2016-07-13,230,0.0019264595024708936
2017-02-15,229,0.0019180835915905854
2016-02-10,228,0.0019097076807102773
2017-02-28,226,0.0018929558589496607
2016-05-05,225,0.0018845799480693526
2017-01-12,225,0.0018845799480693526
2016-10-06,224,0.0018762040371890444
2016-10-16,223,0.001867828126308736
2017-03-06,221,0.0018510763045481197
2016-09-25,219,0.0018343244827875031
2017-03-26,218,0.001825948571907195
2016-02-29,218,0.001825948571907195
2016-12-11,217,0.0018175726610268866
2016-12-09,217,0.0018175726610268866
2016-01-22,216,0.0018091967501465784
2017-05-25,216,0.0018091967501465784
2017-05-28,214,0.0017924449283859619
2016-03-28,214,0.0017924449283859619
2017-01-02,214,0.0017924449283859619
2017-02-06,213,0.0017840690175056537
2017-04-09,212,0.0017756931066253456
2016-02-25,212,0.0017756931066253456
2017-01-27,211,0.0017673171957450372
2016-10-28,211,0.0017673171957450372
2017-01-06,211,0.0017673171957450372
2015-07-23,209,0.0017505653739844208
2017-02-17,208,0.0017421894631041127
2017-07-04,206,0.0017254376413434961
2016-03-27,206,0.0017254376413434961
2017-01-18,206,0.0017254376413434961
2016-01-05,205,0.001717061730463188
2017-04-05,204,0.0017086858195828796
2017-02-19,203,0.0017003099087025714
2016-05-04,203,0.0017003099087025714
2015-11-22,203,0.0017003099087025714
2015-10-22,203,0.0017003099087025714
2016-06-17,202,0.0016919339978222632
2015-08-21,202,0.0016919339978222632
2016-04-15,201,0.0016835580869419549
2016-03-04,201,0.0016835580869419549
2016-09-29,201,0.0016835580869419549
2016-05-16,200,0.0016751821760616467
2016-09-26,199,0.0016668062651813385
2015-10-28,199,0.0016668062651813385
2017-05-02,198,0.0016584303543010302
2016-05-02,198,0.0016584303543010302
2016-07-18,197,0.001650054443420722
2016-09-02,196,0.0016416785325404138
2016-07-21,195,0.0016333026216601054
2017-02-12,194,0.0016249267107797973
2017-02-03,194,0.0016249267107797973
2016-05-08,194,0.0016249267107797973
2017-03-20,194,0.0016249267107797973
2016-08-01,194,0.0016249267107797973
2015-09-30,194,0.0016249267107797973
2016-01-03,194,0.0016249267107797973
2017-04-29,193,0.0016165507998994891
2016-05-06,193,0.0016165507998994891
2017-02-25,192,0.0016081748890191807
2016-05-26,192,0.0016081748890191807
2016-10-27,192,0.0016081748890191807
2016-08-18,191,0.0015997989781388726
2017-02-09,191,0.0015997989781388726
2016-04-11,190,0.0015914230672585644
2017-07-15,190,0.0015914230672585644
2017-03-12,189,0.0015830471563782562
2015-10-23,189,0.0015830471563782562
2016-02-27,189,0.0015830471563782562
2016-04-06,189,0.0015830471563782562
2016-02-28,189,0.0015830471563782562
2016-03-29,188,0.0015746712454979479
2017-02-26,188,0.0015746712454979479
2016-05-19,187,0.0015662953346176397
2016-03-09,187,0.0015662953346176397
2015-10-16,187,0.0015662953346176397
2015-10-09,186,0.0015579194237373315
2016-10-13,186,0.0015579194237373315
2016-08-08,186,0.0015579194237373315
2017-05-22,186,0.0015579194237373315
2016-10-09,185,0.0015495435128570231
2016-04-25,185,0.0015495435128570231
2017-03-05,185,0.0015495435128570231
2016-10-11,185,0.0015495435128570231
2016-08-11,184,0.001541167601976715
2017-01-29,184,0.001541167601976715
2016-03-16,184,0.001541167601976715
2016-11-06,184,0.001541167601976715
2017-05-24,184,0.001541167601976715
2015-09-17,183,0.0015327916910964068
2017-03-13,183,0.0015327916910964068
2017-04-23,183,0.0015327916910964068
2016-02-20,182,0.0015244157802160984
2017-02-23,182,0.0015244157802160984
2016-09-21,182,0.0015244157802160984
2016-06-12,181,0.0015160398693357903
2016-03-06,181,0.0015160398693357903
2016-04-20,181,0.0015160398693357903
2014-10-17,180,0.001507663958455482
2016-12-04,180,0.001507663958455482
2016-03-21,180,0.001507663958455482
2016-05-03,180,0.001507663958455482
2016-06-24,180,0.001507663958455482
2016-03-24,180,0.001507663958455482
2016-09-05,179,0.0014992880475751737
2017-03-31,179,0.0014992880475751737
2016-10-17,179,0.0014992880475751737
2017-06-30,178,0.0014909121366948655
2016-09-18,178,0.0014909121366948655
2017-04-03,178,0.0014909121366948655
2017-02-10,178,0.0014909121366948655
2017-04-28,178,0.0014909121366948655
2016-01-08,177,0.0014825362258145574
2017-04-17,177,0.0014825362258145574
2017-01-10,177,0.0014825362258145574
2017-06-27,177,0.0014825362258145574
2016-01-28,177,0.0014825362258145574
2015-10-13,177,0.0014825362258145574
2016-03-13,177,0.0014825362258145574
2016-04-28,177,0.0014825362258145574
2017-05-08,177,0.0014825362258145574
2016-06-13,177,0.0014825362258145574
2016-11-23,176,0.001474160314934249
2016-10-26,176,0.001474160314934249
2016-03-23,176,0.001474160314934249
2016-08-20,176,0.001474160314934249
2016-10-20,176,0.001474160314934249
2017-07-13,176,0.001474160314934249
2016-01-16,176,0.001474160314934249
2017-03-29,176,0.001474160314934249
2016-09-19,175,0.0014657844040539408
2016-08-29,175,0.0014657844040539408
2016-11-20,175,0.0014657844040539408
2016-05-10,174,0.0014574084931736327
2016-05-23,174,0.0014574084931736327
2016-07-30,174,0.0014574084931736327
2017-06-11,174,0.0014574084931736327
2016-04-29,173,0.0014490325822933245
2016-03-31,173,0.0014490325822933245
2016-04-03,173,0.0014490325822933245
2016-12-27,173,0.0014490325822933245
2016-05-17,173,0.0014490325822933245
2015-09-11,173,0.0014490325822933245
2016-10-25,173,0.0014490325822933245
2017-03-02,172,0.0014406566714130161
2015-12-29,172,0.0014406566714130161
2016-04-07,172,0.0014406566714130161
2016-11-24,172,0.0014406566714130161
2016-09-12,172,0.0014406566714130161
2017-07-06,172,0.0014406566714130161
2016-08-30,172,0.0014406566714130161
2017-05-15,171,0.001432280760532708
2016-03-22,171,0.001432280760532708
2016-05-12,171,0.001432280760532708
2016-12-21,171,0.001432280760532708
2016-05-30,171,0.001432280760532708
2017-05-17,170,0.0014239048496523998
2017-01-15,170,0.0014239048496523998
2017-05-12,170,0.0014239048496523998
2017-03-10,170,0.0014239048496523998
2016-04-13,170,0.0014239048496523998
2016-03-03,170,0.0014239048496523998
2016-01-21,170,0.0014239048496523998
2016-11-27,169,0.0014155289387720914
2017-02-05,169,0.0014155289387720914
2017-02-21,169,0.0014155289387720914
2016-03-02,169,0.0014155289387720914
2016-05-20,168,0.0014071530278917832
2016-09-13,168,0.0014071530278917832
2016-08-15,168,0.0014071530278917832
2016-05-15,168,0.0014071530278917832
2016-11-01,168,0.0014071530278917832
2017-06-28,167,0.001398777117011475
2016-04-18,167,0.001398777117011475
2016-03-20,167,0.001398777117011475
2016-09-23,167,0.001398777117011475
2016-08-24,167,0.001398777117011475
2015-08-14,166,0.0013904012061311667
2017-05-14,166,0.0013904012061311667
2016-06-09,166,0.0013904012061311667
2015-09-24,166,0.0013904012061311667
2016-10-12,166,0.0013904012061311667
2017-03-01,165,0.0013820252952508585
2017-05-11,165,0.0013820252952508585
2016-06-06,164,0.0013736493843705504
2017-01-03,164,0.0013736493843705504
2017-04-10,164,0.0013736493843705504
2016-08-03,164,0.0013736493843705504
2017-03-19,164,0.0013736493843705504
2016-04-14,164,0.0013736493843705504
2017-02-16,163,0.001365273473490242
2017-05-01,163,0.001365273473490242
2016-04-08,163,0.001365273473490242
2016-07-23,163,0.001365273473490242
2016-10-29,163,0.001365273473490242
2016-10-14,163,0.001365273473490242
2017-05-06,163,0.001365273473490242
2016-09-22,163,0.001365273473490242
2017-02-20,162,0.0013568975626099338
2015-10-31,162,0.0013568975626099338
2016-10-23,162,0.0013568975626099338
2017-06-01,161,0.0013485216517296257
2015-10-04,161,0.0013485216517296257
2016-02-23,160,0.0013401457408493173
2015-10-18,160,0.0013401457408493173
2017-03-08,160,0.0013401457408493173
2017-03-16,160,0.0013401457408493173
2017-05-09,160,0.0013401457408493173
2015-10-07,160,0.0013401457408493173
2016-07-28,160,0.0013401457408493173
2016-06-05,160,0.0013401457408493173
2016-05-18,159,0.0013317698299690091
2017-01-05,159,0.0013317698299690091
2016-04-22,159,0.0013317698299690091
2017-08-27,159,0.0013317698299690091
2016-10-30,158,0.001323393919088701
2017-04-07,158,0.001323393919088701
2017-05-04,158,0.001323393919088701
2016-04-09,158,0.001323393919088701
2016-11-02,158,0.001323393919088701
2015-11-11,158,0.001323393919088701
2016-05-25,158,0.001323393919088701
2016-09-11,157,0.0013150180082083926
2017-04-06,157,0.0013150180082083926
2016-10-24,157,0.0013150180082083926
2017-07-09,157,0.0013150180082083926
2016-06-15,156,0.0013066420973280844
2016-10-02,156,0.0013066420973280844
2016-03-12,156,0.0013066420973280844
2017-07-24,156,0.0013066420973280844
2017-05-23,156,0.0013066420973280844
2017-05-29,156,0.0013066420973280844
2017-03-24,155,0.0012982661864477762
2017-01-26,155,0.0012982661864477762
2015-08-11,155,0.0012982661864477762
2017-04-27,155,0.0012982661864477762
2017-06-08,155,0.0012982661864477762
2016-06-08,155,0.0012982661864477762
2016-05-22,155,0.0012982661864477762
2016-08-31,155,0.0012982661864477762
2017-03-07,154,0.001289890275567468
2017-05-18,154,0.001289890275567468
2016-10-03,154,0.001289890275567468
2016-08-22,154,0.001289890275567468
2015-09-16,154,0.001289890275567468
2017-06-09,154,0.001289890275567468
2016-07-19,154,0.001289890275567468
2017-05-10,153,0.0012815143646871597
2015-09-18,153,0.0012815143646871597
2015-07-03,153,0.0012815143646871597
2016-12-08,153,0.0012815143646871597
2017-07-11,153,0.0012815143646871597
2016-04-10,152,0.0012731384538068515
2016-11-10,152,0.0012731384538068515
2016-05-09,152,0.0012731384538068515
2016-07-25,152,0.0012731384538068515
2016-06-03,152,0.0012731384538068515
2017-06-06,152,0.0012731384538068515
2016-04-24,152,0.0012731384538068515
2016-07-07,152,0.0012731384538068515
2016-09-16,152,0.0012731384538068515
2015-08-16,152,0.0012731384538068515
2016-08-17,151,0.0012647625429265434
2016-04-26,151,0.0012647625429265434
2016-11-04,151,0.0012647625429265434
2016-11-07,151,0.0012647625429265434
2016-10-18,151,0.0012647625429265434
2016-10-05,151,0.0012647625429265434
2015-08-12,150,0.001256386632046235
2016-02-15,150,0.001256386632046235
2016-06-21,150,0.001256386632046235
2017-02-13,150,0.001256386632046235
2015-11-16,150,0.001256386632046235
2015-10-10,150,0.001256386632046235
2017-03-23,149,0.0012480107211659268
2015-09-25,149,0.0012480107211659268
2017-01-01,149,0.0012480107211659268
2017-03-15,148,0.0012396348102856186
2016-06-22,148,0.0012396348102856186
2016-04-21,148,0.0012396348102856186
2016-04-12,148,0.0012396348102856186
2016-12-28,148,0.0012396348102856186
2015-11-15,148,0.0012396348102856186
2017-04-02,147,0.0012312588994053103
2017-04-04,147,0.0012312588994053103
2016-07-24,147,0.0012312588994053103
2016-04-30,147,0.0012312588994053103
2017-04-18,147,0.0012312588994053103
2016-12-29,147,0.0012312588994053103
2015-09-28,147,0.0012312588994053103
2017-05-07,146,0.001222882988525002
2017-01-11,146,0.001222882988525002
2017-06-03,146,0.001222882988525002
2016-03-11,146,0.001222882988525002
2016-07-20,145,0.001214507077644694
2017-07-12,145,0.001214507077644694
2016-11-18,145,0.001214507077644694
2016-11-15,145,0.001214507077644694
2016-08-26,145,0.001214507077644694
2016-11-13,145,0.001214507077644694
2017-01-25,145,0.001214507077644694
2016-07-16,145,0.001214507077644694
2017-06-22,145,0.001214507077644694
2016-01-26,145,0.001214507077644694
2016-06-28,145,0.001214507077644694
2017-01-30,145,0.001214507077644694
2016-01-02,145,0.001214507077644694
2016-09-03,145,0.001214507077644694
2016-11-14,144,0.0012061311667643855
2017-03-21,144,0.0012061311667643855
2016-08-25,144,0.0012061311667643855
2017-06-02,144,0.0012061311667643855
2017-06-05,144,0.0012061311667643855
2016-05-24,144,0.0012061311667643855
2017-01-09,144,0.0012061311667643855
2017-07-29,143,0.0011977552558840774
2016-11-17,143,0.0011977552558840774
2017-03-22,143,0.0011977552558840774
2017-04-15,143,0.0011977552558840774
2016-03-17,143,0.0011977552558840774
2017-04-24,143,0.0011977552558840774
2016-08-12,143,0.0011977552558840774
2017-08-25,143,0.0011977552558840774
2017-03-09,143,0.0011977552558840774
2017-04-13,143,0.0011977552558840774
2016-06-23,142,0.0011893793450037692
2015-09-08,142,0.0011893793450037692
2016-11-11,142,0.0011893793450037692
2015-12-02,142,0.0011893793450037692
2017-04-30,141,0.0011810034341234608
2017-06-23,141,0.0011810034341234608
2016-03-01,141,0.0011810034341234608
2016-06-19,141,0.0011810034341234608
2017-06-12,141,0.0011810034341234608
2017-05-20,141,0.0011810034341234608
2017-06-18,140,0.0011726275232431527
2016-09-28,140,0.0011726275232431527
2016-07-11,140,0.0011726275232431527
2017-03-03,140,0.0011726275232431527
2017-06-25,140,0.0011726275232431527
2016-07-29,140,0.0011726275232431527
2016-07-08,140,0.0011726275232431527
2016-09-30,140,0.0011726275232431527
2017-03-17,139,0.0011642516123628445
2015-08-17,139,0.0011642516123628445
2017-04-25,139,0.0011642516123628445
2017-02-08,139,0.0011642516123628445
2016-09-14,139,0.0011642516123628445
2016-07-17,139,0.0011642516123628445
2016-11-05,139,0.0011642516123628445
2016-08-21,139,0.0011642516123628445
2017-03-30,139,0.0011642516123628445
2016-08-16,139,0.0011642516123628445
2016-10-31,139,0.0011642516123628445
2016-02-03,138,0.0011558757014825361
2017-05-16,138,0.0011558757014825361
2017-05-13,138,0.0011558757014825361
2016-05-13,138,0.0011558757014825361
2016-02-21,138,0.0011558757014825361
2016-09-01,138,0.0011558757014825361
2017-07-10,138,0.0011558757014825361
2016-07-12,137,0.001147499790602228
2016-11-30,137,0.001147499790602228
2016-06-14,137,0.001147499790602228
2016-09-27,137,0.001147499790602228
2017-05-21,137,0.001147499790602228
2015-09-07,137,0.001147499790602228
2015-09-20,137,0.001147499790602228
2016-08-02,137,0.001147499790602228
2016-09-09,137,0.001147499790602228
2016-08-23,136,0.0011391238797219198
2017-06-15,136,0.0011391238797219198
2017-05-03,136,0.0011391238797219198
2015-09-23,136,0.0011391238797219198
2017-09-01,136,0.0011391238797219198
2017-02-22,136,0.0011391238797219198
2017-08-28,135,0.0011307479688416116
2017-02-01,135,0.0011307479688416116
2016-03-25,135,0.0011307479688416116
2016-08-19,135,0.0011307479688416116
2015-09-21,135,0.0011307479688416116
2017-04-01,135,0.0011307479688416116
2016-02-26,135,0.0011307479688416116
2015-11-26,135,0.0011307479688416116
2017-01-08,135,0.0011307479688416116
2016-12-15,134,0.0011223720579613032
2017-04-20,134,0.0011223720579613032
2016-08-28,134,0.0011223720579613032
2016-10-04,134,0.0011223720579613032
2016-02-12,134,0.0011223720579613032
2017-01-23,134,0.0011223720579613032
2016-02-05,134,0.0011223720579613032
2016-08-13,134,0.0011223720579613032
2017-08-07,133,0.001113996147080995
2016-08-04,133,0.001113996147080995
2015-10-11,133,0.001113996147080995
2017-04-19,133,0.001113996147080995
2017-07-03,133,0.001113996147080995
2016-02-07,133,0.001113996147080995
2017-08-04,133,0.001113996147080995
2016-12-06,133,0.001113996147080995
2016-09-08,133,0.001113996147080995
2017-04-22,132,0.001105620236200687
2016-02-22,132,0.001105620236200687
2017-08-03,132,0.001105620236200687
2015-07-22,132,0.001105620236200687
2016-06-30,132,0.001105620236200687
2017-07-22,132,0.001105620236200687
2017-03-18,132,0.001105620236200687
2016-03-30,131,0.0010972443253203785
2017-06-04,131,0.0010972443253203785
2016-04-16,131,0.0010972443253203785
2015-10-01,131,0.0010972443253203785
2016-08-06,131,0.0010972443253203785
2017-05-19,130,0.0010888684144400704
2017-07-07,130,0.0010888684144400704
2016-07-09,130,0.0010888684144400704
2015-08-10,130,0.0010888684144400704
2016-05-11,130,0.0010888684144400704
2017-04-12,130,0.0010888684144400704
2016-04-19,130,0.0010888684144400704
2015-12-30,130,0.0010888684144400704
2017-08-10,130,0.0010888684144400704
2016-07-14,129,0.0010804925035597622
2016-10-19,129,0.0010804925035597622
2016-05-14,129,0.0010804925035597622
2015-10-14,129,0.0010804925035597622
2017-07-18,129,0.0010804925035597622
2017-03-27,129,0.0010804925035597622
2016-02-17,129,0.0010804925035597622
2016-03-07,129,0.0010804925035597622
2015-11-09,129,0.0010804925035597622
2015-09-13,128,0.0010721165926794538
2016-07-22,128,0.0010721165926794538
2015-10-27,128,0.0010721165926794538
2017-06-07,128,0.0010721165926794538
2016-12-02,128,0.0010721165926794538
2017-05-26,127,0.0010637406817991457
2016-07-05,127,0.0010637406817991457
2017-03-28,127,0.0010637406817991457
2016-04-23,127,0.0010637406817991457
2016-09-04,127,0.0010637406817991457
2016-09-17,127,0.0010637406817991457
2016-06-07,127,0.0010637406817991457
2016-11-12,127,0.0010637406817991457
2017-04-14,127,0.0010637406817991457
2016-01-11,126,0.0010553647709188375
2017-07-02,126,0.0010553647709188375
2016-07-02,126,0.0010553647709188375
2016-08-05,126,0.0010553647709188375
2016-12-30,126,0.0010553647709188375
2017-07-16,125,0.001046988860038529
2016-07-03,125,0.001046988860038529
2017-08-17,125,0.001046988860038529
2016-06-10,125,0.001046988860038529
2016-04-01,125,0.001046988860038529
2016-07-31,125,0.001046988860038529
2016-07-06,125,0.001046988860038529
2016-03-08,125,0.001046988860038529
2016-05-01,125,0.001046988860038529
2016-07-01,125,0.001046988860038529
2017-05-30,125,0.001046988860038529
2016-07-04,125,0.001046988860038529
2015-09-22,124,0.001038612949158221
2017-02-27,124,0.001038612949158221
2016-07-27,124,0.001038612949158221
2017-03-11,124,0.001038612949158221
2015-09-04,124,0.001038612949158221
2015-12-10,124,0.001038612949158221
2015-12-09,124,0.001038612949158221
2016-05-21,124,0.001038612949158221
2016-12-23,123,0.0010302370382779128
2016-11-19,123,0.0010302370382779128
2016-02-04,123,0.0010302370382779128
2015-09-19,123,0.0010302370382779128
2017-08-12,123,0.0010302370382779128
2017-08-13,122,0.0010218611273976044
2017-01-22,122,0.0010218611273976044
2016-01-29,122,0.0010218611273976044
2016-11-16,122,0.0010218611273976044
2016-07-15,122,0.0010218611273976044
2015-07-31,122,0.0010218611273976044
2015-09-05,121,0.0010134852165172962
2017-02-14,121,0.0010134852165172962
2017-01-17,121,0.0010134852165172962
2017-04-26,121,0.0010134852165172962
2015-08-19,121,0.0010134852165172962
2016-12-22,121,0.0010134852165172962
2016-08-09,121,0.0010134852165172962
2017-01-14,120,0.001005109305636988
2016-06-16,120,0.001005109305636988
2016-03-10,120,0.001005109305636988
2016-02-24,120,0.001005109305636988
2017-04-16,120,0.001005109305636988
2016-07-26,120,0.001005109305636988
2017-08-05,120,0.001005109305636988
2016-08-10,120,0.001005109305636988
2015-11-30,120,0.001005109305636988
2015-09-15,120,0.001005109305636988
2015-10-05,119,0.0009967333947566797
2017-07-30,119,0.0009967333947566797
2017-02-07,119,0.0009967333947566797
2017-07-01,119,0.0009967333947566797
2017-07-14,119,0.0009967333947566797
2016-01-24,119,0.0009967333947566797
2017-08-20,119,0.0009967333947566797
2016-06-27,119,0.0009967333947566797
2016-02-18,119,0.0009967333947566797
2017-06-17,118,0.0009883574838763715
2015-10-08,118,0.0009883574838763715
2016-11-03,118,0.0009883574838763715
2016-01-17,118,0.0009883574838763715
2016-02-19,118,0.0009883574838763715
2016-08-07,117,0.0009799815729960634
2017-08-15,117,0.0009799815729960634
2016-01-20,117,0.0009799815729960634
2017-07-17,117,0.0009799815729960634
2017-08-09,116,0.0009716056621157551
2015-10-15,116,0.0009716056621157551
2015-08-31,116,0.0009716056621157551
2016-11-26,116,0.0009716056621157551
2017-08-19,116,0.0009716056621157551
2017-04-11,116,0.0009716056621157551
2015-11-21,116,0.0009716056621157551
2017-07-23,116,0.0009716056621157551
2017-06-29,116,0.0009716056621157551
2017-06-26,115,0.0009632297512354468
2016-06-04,115,0.0009632297512354468
2017-06-20,115,0.0009632297512354468
2017-06-16,115,0.0009632297512354468
2015-10-26,115,0.0009632297512354468
2015-08-28,115,0.0009632297512354468
2016-12-16,115,0.0009632297512354468
2017-07-21,115,0.0009632297512354468
2017-01-04,114,0.0009548538403551386
2017-04-08,114,0.0009548538403551386
2016-04-02,114,0.0009548538403551386
2016-08-14,114,0.0009548538403551386
2015-12-22,114,0.0009548538403551386
2017-01-07,114,0.0009548538403551386
2017-02-04,114,0.0009548538403551386
2016-03-19,114,0.0009548538403551386
2015-07-24,113,0.0009464779294748304
2016-05-31,113,0.0009464779294748304
2015-11-24,113,0.0009464779294748304
2015-11-06,113,0.0009464779294748304
2016-09-07,113,0.0009464779294748304
2016-06-29,113,0.0009464779294748304
2016-02-13,113,0.0009464779294748304
2017-01-28,112,0.0009381020185945222
2016-07-10,112,0.0009381020185945222
2015-09-06,112,0.0009381020185945222
2017-02-11,112,0.0009381020185945222
2017-07-31,112,0.0009381020185945222
2015-09-29,111,0.0009297261077142139
2015-10-06,111,0.0009297261077142139
2017-08-01,111,0.0009297261077142139
2015-07-17,111,0.0009297261077142139
2015-11-23,111,0.0009297261077142139
2016-02-08,111,0.0009297261077142139
2016-11-09,111,0.0009297261077142139
2017-07-27,111,0.0009297261077142139
2017-06-19,111,0.0009297261077142139
2016-03-26,111,0.0009297261077142139
2017-01-13,111,0.0009297261077142139
2016-12-18,111,0.0009297261077142139
2015-09-26,110,0.0009213501968339057
2017-03-14,110,0.0009213501968339057
2017-03-25,109,0.0009129742859535975
2015-10-20,109,0.0009129742859535975
2015-09-03,109,0.0009129742859535975
2016-12-20,109,0.0009129742859535975
2016-02-11,109,0.0009129742859535975
2017-07-26,109,0.0009129742859535975
2015-11-27,109,0.0009129742859535975
2017-06-24,109,0.0009129742859535975
2015-09-14,109,0.0009129742859535975
2017-08-16,108,0.0009045983750732892
2016-01-07,108,0.0009045983750732892
2015-12-23,108,0.0009045983750732892
2017-01-21,108,0.0009045983750732892
2016-05-27,108,0.0009045983750732892
2017-07-28,107,0.0008962224641929809
2017-05-31,107,0.0008962224641929809
2015-08-04,107,0.0008962224641929809
2015-08-01,107,0.0008962224641929809
2015-07-30,107,0.0008962224641929809
2015-10-02,107,0.0008962224641929809
2017-08-02,106,0.0008878465533126728
2015-10-24,106,0.0008878465533126728
2015-11-01,106,0.0008878465533126728
2017-08-24,106,0.0008878465533126728
2016-09-10,105,0.0008794706424323645
2016-05-07,105,0.0008794706424323645
2016-02-16,105,0.0008794706424323645
2017-03-04,105,0.0008794706424323645
2016-11-22,104,0.0008710947315520563
2017-07-20,104,0.0008710947315520563
2016-01-14,104,0.0008710947315520563
2015-08-13,104,0.0008710947315520563
2017-05-27,104,0.0008710947315520563
2017-06-10,104,0.0008710947315520563
2016-10-08,103,0.0008627188206717481
2017-08-18,103,0.0008627188206717481
2015-09-12,103,0.0008627188206717481
2017-06-21,103,0.0008627188206717481
2016-04-05,103,0.0008627188206717481
2016-11-29,103,0.0008627188206717481
2017-08-26,103,0.0008627188206717481
2017-06-13,103,0.0008627188206717481
2015-09-01,103,0.0008627188206717481
2015-08-09,102,0.0008543429097914398
2017-07-08,102,0.0008543429097914398
2016-12-14,102,0.0008543429097914398
2015-08-18,101,0.0008459669989111316
2016-10-22,101,0.0008459669989111316
2016-01-27,101,0.0008459669989111316
2017-02-18,101,0.0008459669989111316
2017-08-21,101,0.0008459669989111316
2016-08-27,100,0.0008375910880308234
2015-12-14,100,0.0008375910880308234
2016-03-05,100,0.0008375910880308234
2015-06-17,100,0.0008375910880308234
2016-10-01,99,0.0008292151771505151
2015-12-03,99,0.0008292151771505151
2016-01-01,99,0.0008292151771505151
2017-08-06,99,0.0008292151771505151
2015-07-29,99,0.0008292151771505151
2015-07-10,98,0.0008208392662702069
2015-11-19,98,0.0008208392662702069
2015-07-08,98,0.0008208392662702069
2015-07-19,97,0.0008124633553898986
2015-11-29,97,0.0008124633553898986
2015-08-06,97,0.0008124633553898986
2017-06-14,97,0.0008124633553898986
2017-07-19,97,0.0008124633553898986
2015-08-29,96,0.0008040874445095904
2017-07-25,96,0.0008040874445095904
2015-08-08,96,0.0008040874445095904
2016-06-01,96,0.0008040874445095904
2015-06-29,96,0.0008040874445095904
2015-12-07,96,0.0008040874445095904
2015-09-10,96,0.0008040874445095904
2016-12-03,96,0.0008040874445095904
2015-10-30,96,0.0008040874445095904
2015-11-02,95,0.0007957115336292822
2016-12-05,94,0.0007873356227489739
2016-01-15,94,0.0007873356227489739
2017-08-14,94,0.0007873356227489739
2015-08-22,94,0.0007873356227489739
2015-08-25,94,0.0007873356227489739
2016-11-28,93,0.0007789597118686658
2016-12-19,93,0.0007789597118686658
2016-01-31,93,0.0007789597118686658
2015-12-04,92,0.0007705838009883575
2016-12-26,92,0.0007705838009883575
2016-01-25,92,0.0007705838009883575
2015-01-21,91,0.0007622078901080492
2016-12-17,91,0.0007622078901080492
2017-08-23,91,0.0007622078901080492
2015-08-07,91,0.0007622078901080492
2015-12-11,90,0.000753831979227741
2015-11-04,90,0.000753831979227741
2015-12-17,90,0.000753831979227741
2015-08-26,90,0.000753831979227741
2017-01-16,89,0.0007454560683474328
2016-06-11,89,0.0007454560683474328
2016-06-18,89,0.0007454560683474328
2017-08-08,89,0.0007454560683474328
2016-01-13,89,0.0007454560683474328
2015-07-25,88,0.0007370801574671245
2016-10-15,88,0.0007370801574671245
2015-07-20,87,0.0007287042465868163
2015-10-29,87,0.0007287042465868163
2016-02-02,86,0.0007203283357065081
2017-08-29,86,0.0007203283357065081
2015-08-30,85,0.0007119524248261999
2015-08-20,84,0.0007035765139458916
2017-07-05,84,0.0007035765139458916
2015-08-24,84,0.0007035765139458916
2015-10-03,83,0.0006952006030655833
2015-10-25,82,0.0006868246921852752
2017-09-03,81,0.0006784487813049669
2015-07-09,81,0.0006784487813049669
2016-12-10,81,0.0006784487813049669
2016-01-04,80,0.0006700728704246586
2015-07-16,80,0.0006700728704246586
2015-11-14,80,0.0006700728704246586
2015-09-02,80,0.0006700728704246586
2016-09-24,79,0.0006616969595443505
2016-11-08,78,0.0006533210486640422
2015-12-13,77,0.000644945137783734
2015-07-26,77,0.000644945137783734
2015-12-28,77,0.000644945137783734
2015-12-12,76,0.0006365692269034258
2017-08-22,76,0.0006365692269034258
2017-08-11,76,0.0006365692269034258
2015-12-27,75,0.0006281933160231175
2015-08-23,75,0.0006281933160231175
2016-12-31,74,0.0006198174051428093
2015-08-15,74,0.0006198174051428093
2017-08-31,74,0.0006198174051428093
2015-11-07,73,0.000611441494262501
2015-11-20,73,0.000611441494262501
2015-10-17,73,0.000611441494262501
2017-08-30,71,0.0005946896725018846
2016-01-10,71,0.0005946896725018846
2015-11-03,71,0.0005946896725018846
2015-07-14,69,0.0005779378507412681
2015-12-31,68,0.0005695619398609599
2015-12-15,68,0.0005695619398609599
2015-08-27,68,0.0005695619398609599
2016-12-01,68,0.0005695619398609599
2015-01-30,67,0.0005611860289806516
2016-05-28,67,0.0005611860289806516
2015-06-26,67,0.0005611860289806516
2017-09-02,66,0.0005528101181003435
2016-01-23,66,0.0005528101181003435
2016-01-12,66,0.0005528101181003435
2015-11-18,65,0.0005444342072200352
2016-06-25,64,0.0005360582963397269
2015-12-26,64,0.0005360582963397269
2015-06-30,64,0.0005360582963397269
2016-01-30,64,0.0005360582963397269
2016-02-06,64,0.0005360582963397269
2015-12-19,63,0.0005276823854594187
2015-11-05,61,0.0005109305636988022
2016-01-09,59,0.0004941787419381858
2016-12-24,58,0.00048580283105787754
2015-07-28,57,0.0004774269201775693
2015-11-12,57,0.0004774269201775693
2015-08-03,55,0.0004606750984169528
2015-12-20,55,0.0004606750984169528
2015-07-18,55,0.0004606750984169528
2015-07-21,55,0.0004606750984169528
2015-07-07,55,0.0004606750984169528
2015-06-15,53,0.0004439232766563364
2015-12-01,53,0.0004439232766563364
2015-11-08,53,0.0004439232766563364
2015-12-25,52,0.00043554736577602817
2015-11-25,52,0.00043554736577602817
2015-07-13,51,0.0004271714548957199
2015-07-27,51,0.0004271714548957199
2015-08-02,51,0.0004271714548957199
2015-11-13,50,0.0004187955440154117
2015-11-28,50,0.0004187955440154117
2015-05-14,50,0.0004187955440154117
2015-09-27,48,0.0004020437222547952
2015-08-05,46,0.00038529190049417874
2015-07-12,46,0.00038529190049417874
2015-12-16,45,0.0003769159896138705
2015-11-10,45,0.0003769159896138705
2015-07-15,44,0.00036854007873356225
2015-06-16,44,0.00036854007873356225
2015-07-11,42,0.0003517882569729458
2016-12-25,41,0.0003434123460926376
2015-12-06,40,0.0003350364352123293
2015-03-03,38,0.0003182846134517129
2017-09-04,37,0.00030990870257140466
2015-12-21,36,0.0003015327916910964
2015-06-09,35,0.00029315688081078817
2015-05-29,34,0.00028478096993047995
2015-05-19,33,0.00027640505905017173
2015-07-05,33,0.00027640505905017173
2015-12-05,31,0.00025965323728955524
2015-06-27,29,0.00024290141552893877
2015-05-28,28,0.00023452550464863055
2015-04-29,27,0.0002261495937683223
2015-04-28,25,0.00020939777200770584
2015-12-24,24,0.0002010218611273976
2015-06-23,22,0.00018427003936678113
2017-09-05,21,0.0001758941284864729
2015-02-20,20,0.00016751821760616466
2017-09-07,19,0.00015914230672585644
2015-04-02,18,0.0001507663958455482
2015-03-25,17,0.00014239048496523997
2015-07-04,16,0.00013401457408493173
2017-09-06,16,0.00013401457408493173
2015-06-22,16,0.00013401457408493173
2015-01-02,16,0.00013401457408493173
2015-07-01,15,0.0001256386632046235
2015-06-25,15,0.0001256386632046235
2015-06-19,14,0.00011726275232431528
2015-06-11,13,0.00010888684144400704
2015-05-13,13,0.00010888684144400704
2015-06-01,13,0.00010888684144400704
2015-05-18,12,0.0001005109305636988
2015-05-12,11,9.213501968339056e-05
2015-06-02,10,8.375910880308233e-05
2015-05-27,10,8.375910880308233e-05
2015-06-08,10,8.375910880308233e-05
2015-05-22,10,8.375910880308233e-05
2015-06-12,10,8.375910880308233e-05
2015-06-03,9,7.53831979227741e-05
2015-04-15,9,7.53831979227741e-05
2015-05-01,9,7.53831979227741e-05
2015-04-04,8,6.700728704246586e-05
2015-05-20,8,6.700728704246586e-05
2015-05-23,8,6.700728704246586e-05
2015-06-20,8,6.700728704246586e-05
2015-04-22,7,5.863137616215764e-05
2015-04-16,7,5.863137616215764e-05
2015-06-05,7,5.863137616215764e-05
2015-06-18,7,5.863137616215764e-05
2015-06-04,6,5.02554652818494e-05
2015-06-24,6,5.02554652818494e-05
2017-09-09,6,5.02554652818494e-05
2015-05-07,6,5.02554652818494e-05
2015-04-20,6,5.02554652818494e-05
2015-05-25,6,5.02554652818494e-05
2015-05-06,6,5.02554652818494e-05
2015-01-22,6,5.02554652818494e-05
2015-04-05,6,5.02554652818494e-05
2015-05-11,5,4.1879554401541165e-05
2015-04-10,5,4.1879554401541165e-05
2015-02-05,4,3.350364352123293e-05
2015-06-13,4,3.350364352123293e-05
2017-09-08,4,3.350364352123293e-05
2015-05-09,4,3.350364352123293e-05
2015-03-17,4,3.350364352123293e-05
2015-04-06,4,3.350364352123293e-05
2015-03-09,4,3.350364352123293e-05
2017-09-10,4,3.350364352123293e-05
2015-05-05,4,3.350364352123293e-05
2015-03-31,4,3.350364352123293e-05
2015-06-10,4,3.350364352123293e-05
2015-04-24,4,3.350364352123293e-05
2015-05-30,3,2.51277326409247e-05
2015-04-14,3,2.51277326409247e-05
2015-03-24,3,2.51277326409247e-05
2015-04-08,3,2.51277326409247e-05
2015-05-16,3,2.51277326409247e-05
2015-04-11,3,2.51277326409247e-05
2015-04-23,3,2.51277326409247e-05
2015-05-04,3,2.51277326409247e-05
2015-05-08,3,2.51277326409247e-05
2015-02-11,3,2.51277326409247e-05
2015-05-21,3,2.51277326409247e-05
2015-06-06,3,2.51277326409247e-05
2015-02-23,2,1.6751821760616466e-05
2015-02-17,2,1.6751821760616466e-05
2015-02-25,2,1.6751821760616466e-05
2015-04-03,2,1.6751821760616466e-05
2017-09-14,2,1.6751821760616466e-05
2015-03-06,2,1.6751821760616466e-05
2015-01-20,2,1.6751821760616466e-05
2015-04-18,2,1.6751821760616466e-05
2015-02-10,2,1.6751821760616466e-05
2015-03-23,2,1.6751821760616466e-05
2015-04-17,2,1.6751821760616466e-05
2015-05-26,2,1.6751821760616466e-05
2015-02-02,2,1.6751821760616466e-05
2015-03-04,2,1.6751821760616466e-05
2015-04-13,2,1.6751821760616466e-05
2017-09-12,1,8.375910880308233e-06
2015-06-14,1,8.375910880308233e-06
2015-04-07,1,8.375910880308233e-06
2015-02-19,1,8.375910880308233e-06
2015-02-09,1,8.375910880308233e-06
2015-03-18,1,8.375910880308233e-06
2015-03-11,1,8.375910880308233e-06
2015-04-30,1,8.375910880308233e-06
2015-03-05,1,8.375910880308233e-06
2015-03-12,1,8.375910880308233e-06
2015-03-28,1,8.375910880308233e-06
2015-01-28,1,8.375910880308233e-06
2015-04-27,1,8.375910880308233e-06
2015-02-27,1,8.375910880308233e-06
2015-01-18,1,8.375910880308233e-06
2015-03-13,1,8.375910880308233e-06
2015-02-24,1,8.375910880308233e-06
2015-02-06,1,8.375910880308233e-06
2014-11-18,1,8.375910880308233e-06
2015-05-15,1,8.375910880308233e-06
2015-04-25,1,8.375910880308233e-06
2015-01-29,1,8.375910880308233e-06
2015-03-30,1,8.375910880308233e-06
2015-04-21,1,8.375910880308233e-06
2015-02-12,1,8.375910880308233e-06
2015-03-29,1,8.375910880308233e-06
2015-03-10,1,8.375910880308233e-06
2015-02-26,1,8.375910880308233e-06
